,DateTime,zenith,azimuth,Temperature,Temperature_cell
0,2014-01-01-11-10-00,59.72461,164.02344,9.3498535,36.92815116
1,2014-01-01-15-10-00,72.00781,223.23047,11.509766,28.40355076
2,2014-01-02-09-05-00,72.68359,135.74219,0.770874,30.9249935
3,2014-01-02-13-05-00,59.350586,194.65625,8.502686,34.40861043
4,2014-01-03-11-00-00,60.21289,161.16406,5.784668,36.42081268
5,2014-01-03-15-00-00,70.353516,221.21484,9.726074,36.09814059
6,2014-01-04-08-55-00,74.11719,133.57422,7.256592,28.80157889
7,2014-01-04-12-55-00,58.640625,191.83203,13.3498535,36.64235095
8,2014-01-04-16-55-00,88.51953,240.75,10.639893,12.63460119
9,2014-01-05-10-50-00,60.779297,158.33984,-0.2199974,25.12666513
10,2014-01-05-14-50-00,68.734375,219.14844,3.0499878,26.06999418
11,2014-01-06-08-40-00,76.359375,130.5625,-3.079956,20.25734497
12,2014-01-06-12-40-00,57.862305,187.60938,2.5099487,32.65946157
13,2014-01-06-16-40-00,85.5625,238.5664,3.829956,18.48452701
14,2014-01-07-10-30-00,62.30664,153.1289,2.9172363,25.55545811
15,2014-01-07-14-30-00,65.95508,214.8711,5.949951,9.611874415
16,2014-01-08-08-20-00,79.50391,126.81445,0.11419678,19.53239335
17,2014-01-08-12-20-00,57.24707,181.9336,6.2141113,18.20282253
18,2014-01-08-16-20-00,81.80664,235.51172,9.129883,30.86563006
19,2014-01-09-10-10-00,64.15234,148.1289,5.029907,32.587048
20,2014-01-09-14-10-00,63.414062,210.32422,8.935791,30.58090349
21,2014-01-10-08-00-00,82.79297,123.23242,2.184143,20.12390235
22,2014-01-10-12-00-00,57.027344,176.1836,7.7999268,40.89727708
23,2014-01-10-16-00-00,78.16211,232.28906,12.139893,28.00081951
24,2014-01-11-09-50-00,66.28516,143.35156,6.2458496,36.62678264
25,2014-01-11-13-50-00,61.14453,205.5,10.805908,37.55053516
26,2014-01-12-07-35-00,87.10156,119.04883,5.102783,5.481221737
27,2014-01-12-11-35-00,57.38965,169.0664,11.469971,42.76691572
28,2014-01-12-15-35-00,73.87891,227.96484,11.417236,27.97685889
29,2014-01-13-09-20-00,70.05469,136.79688,3.419983,28.39875204
30,2014-01-13-13-20-00,58.506836,197.80469,8.269775,31.33166676
31,2014-01-14-11-05-00,58.694336,160.76562,6.8640137,28.00870021
32,2014-01-14-15-05-00,69.15039,222.29297,11.889893,35.20772841
33,2014-01-15-08-50-00,74.32031,130.7461,1.6499939,27.42876268
34,2014-01-15-12-50-00,56.666016,189.59766,9.569824,38.74581316
35,2014-01-15-16-50-00,85.78516,240.625,11.269775,24.65764357
36,2014-01-16-10-35-00,60.822266,152.83984,6.9473877,34.20460184
37,2014-01-16-14-35-00,64.87305,216.03906,12.049805,40.54394815
38,2014-01-17-08-15-00,79.833984,124.32617,-1.5799866,19.48374366
39,2014-01-17-12-15-00,55.694336,179.6211,8.493652,38.26341635
40,2014-01-17-16-15-00,79.3418,235.28125,9.829834,33.02349083
41,2014-01-18-09-55-00,64.884766,143.16406,3.0999756,35.99105835
42,2014-01-18-13-55-00,60.18457,206.70312,11.277588,42.13850585
43,2014-01-19-07-35-00,86.69141,117.671875,-1.75,12.80642564
44,2014-01-19-11-35-00,56.174805,168.13672,8.059082,40.02857818
45,2014-01-19-15-35-00,72.50391,228.4414,12.397949,38.16345517
46,2014-01-20-09-15-00,70.015625,134.46484,4.9399414,36.57355374
47,2014-01-20-13-15-00,56.73535,196.26953,13.078857,40.71148924
48,2014-01-20-17-15-00,89.39844,244.88281,12.393311,14.85815968
49,2014-01-21-10-55-00,58.245117,157.05469,7.409912,39.75006318
50,2014-01-21-14-55-00,66.33203,220.66797,11.259766,44.47564067
51,2014-01-22-08-30-00,76.81445,125.81055,-0.2899933,3.046785201
52,2014-01-22-12-30-00,54.686523,183.52344,7.0999756,25.19031435
53,2014-01-22-16-30-00,80.91406,238.29688,7.8999023,8.309251452
54,2014-01-23-10-00-00,63.49707,143.32422,-1.4259033,6.137828295
55,2014-01-23-14-00-00,59.500977,208.11719,-0.54963684,18.66988217
56,2014-01-24-07-30-00,87.134766,115.84375,-9.220947,-6.710018949
57,2014-01-24-11-30-00,55.34375,166.09766,-0.0357399,27.45843858
58,2014-01-24-15-30-00,70.66406,228.03125,4.9487305,13.30987995
59,2014-01-25-09-00-00,71.57422,130.55078,2.0899658,10.59580412
60,2014-01-25-13-00-00,54.774414,192.03516,8.339355,41.10450279
61,2014-01-25-17-00-00,85.66797,243.40625,8.889893,20.36351187
62,2014-01-26-10-30-00,59.538086,149.84766,8.569824,37.6010908
63,2014-01-26-14-30-00,62.00293,215.57422,12.256836,46.07187619
64,2014-01-27-08-00-00,81.333984,119.759766,1.3999939,1.97296332
65,2014-01-27-12-00-00,53.570312,174.41016,7.442505,32.77497033
66,2014-01-27-16-00-00,74.765625,233.96484,9.687744,34.31378274
67,2014-01-28-09-25-00,67.30469,134.79688,4.709961,29.41605125
68,2014-01-28-13-25-00,55.356445,199.1211,9.238281,36.19984103
69,2014-01-28-17-25-00,89.72656,247.60938,8.459961,11.33818605
70,2014-01-29-10-50-00,56.9541,154.4375,5.2749023,37.02268116
71,2014-01-29-14-50-00,63.777344,220.44531,10.396484,36.59632129
72,2014-01-30-08-15-00,78.24609,121.5,7.9173584,28.89744025
73,2014-01-30-12-15-00,52.583008,178.65625,16.382324,41.27697056
74,2014-01-30-16-15-00,76.634766,237.0664,18.149902,21.65971192
75,2014-01-31-09-35-00,65.28516,136.23047,11.719971,21.1522283
76,2014-01-31-13-35-00,55.253906,202.05078,14.079834,15.98760686
77,2014-02-01-10-55-00,55.839844,155.32422,6.517334,35.66938879
78,2014-02-01-14-55-00,63.760742,221.9375,9.219971,36.151925
79,2014-02-02-08-10-00,78.66406,120.02734,2.8399658,23.86834252
80,2014-02-02-12-10-00,51.84375,177,9.629883,41.32557696
81,2014-02-02-16-10-00,75.16797,236.72266,12.447266,38.91434979
82,2014-02-03-09-25-00,66.1543,133.54297,6.486084,35.10737827
83,2014-02-03-13-25-00,53.748047,199.45312,12.078369,44.9964846
84,2014-02-03-17-25-00,88.58984,248.78516,13.389893,18.4472399
85,2014-02-04-10-40-00,56.453125,150.83984,12.265137,39.88877688
86,2014-02-04-14-40-00,60.99414,219.03906,16.739746,39.02478472
87,2014-02-05-07-55-00,80.828125,116.884766,1.3799744,6.762166586
88,2014-02-05-11-55-00,51.249023,172.24219,12.127686,41.211244
89,2014-02-05-15-55-00,71.95117,234.66406,16.765625,42.47262455
90,2014-02-06-09-10-00,67.78906,129.84766,6.659912,33.39056512
91,2014-02-06-13-10-00,51.94043,195.29297,16.719727,49.01085355
92,2014-02-06-17-10-00,85.140625,247.25,17.649902,33.18301564
93,2014-02-07-10-15-00,58.421875,143.9414,12.3498535,43.94737809
94,2014-02-07-14-15-00,57.149414,213.46094,19.369629,49.26410815
95,2014-02-08-07-20-00,86.83008,110.78906,3.5499878,11.85737831
96,2014-02-08-11-20-00,51.98242,161.39453,14.769775,42.80658923
97,2014-02-08-15-20-00,65.61719,228.53516,19.989746,40.95532467
98,2014-02-09-08-25-00,74.64844,120.84961,10.1032715,38.24866426
99,2014-02-09-12-25-00,49.65332,181.48047,16.77295,48.57514491
100,2014-02-09-16-25-00,76.23047,240.82031,19.76709,45.08816934
101,2014-02-10-09-30-00,63.759766,133.01953,11.97998,42.92161761
102,2014-02-10-13-30-00,51.996094,201.59766,17.516113,49.35017163
103,2014-02-10-17-30-00,88.16016,251.20312,18.149902,28.47452488
104,2014-02-11-10-35-00,55.01172,148.29297,5.789917,8.414376431
105,2014-02-11-14-35-00,58.442383,219.15625,7.9299316,11.7363599
106,2014-02-12-07-30-00,84.12891,111.24414,0.84999084,17.60512676
107,2014-02-12-11-30-00,50.112305,163.97656,8.379639,40.33988965
108,2014-02-12-15-30-00,66.18164,231.48047,11.923096,29.581822
109,2014-02-13-08-25-00,73.74609,119.85156,5.869995,31.62696671
110,2014-02-13-12-25-00,48.333984,181.51953,11.193115,43.76641207
111,2014-02-13-16-25-00,75.34375,241.83203,16.524414,41.97436091
112,2014-02-14-09-20-00,64.25195,130,10.55957,42.74456001
113,2014-02-14-13-20-00,50.01367,199.1289,16.348145,46.14370151
114,2014-02-14-17-20-00,85.42969,250.80469,17.469727,31.24713736
115,2014-02-15-10-15-00,56.149414,142.35938,11.354492,43.70483317
116,2014-02-15-14-15-00,54.82715,214.97656,18.902832,45.50170637
117,2014-02-16-07-10-00,87.140625,107.21094,0.6674042,1.73212874
118,2014-02-16-11-10-00,50.149414,157.42969,8.243164,15.08193124
119,2014-02-16-15-10-00,62.032227,228.32812,11.019775,20.47176563
120,2014-02-17-07-55-00,78.28125,113.82422,-0.05911064,25.42626773
121,2014-02-17-11-55-00,47.32715,171.625,6.949951,30.90446312
122,2014-02-17-15-55-00,69.13086,237.60547,10.369873,32.93762674
123,2014-02-18-08-40-00,69.85742,121.25195,4.279907,34.71565404
124,2014-02-18-12-40-00,46.82617,186.70703,12.758545,44.10662102
125,2014-02-18-16-40-00,77.00391,245.71094,16.163086,42.83192012
126,2014-02-19-09-25-00,62.078125,129.86328,10.90332,32.06229055
127,2014-02-19-13-30-00,49.104492,202.98828,17.124023,44.2525363
128,2014-02-19-17-30-00,86.38672,253.73438,18.619629,30.7895999
129,2014-02-20-10-15-00,54.592773,141.35156,12.027832,45.9190916
130,2014-02-20-14-15-00,53.333008,216.13672,18.077148,33.59970364
131,2014-02-21-06-55-00,88.96289,103.666016,4.677368,5.088253325
132,2014-02-21-10-55-00,49.757812,152.25,12.425781,39.01486998
133,2014-02-21-14-55-00,58.441406,226.34375,17.419922,23.53190554
134,2014-02-22-07-30-00,81.833984,108.578125,3.6399536,4.150633852
135,2014-02-22-11-30-00,46.666992,163.09375,0.15999985,5.931832039
136,2014-02-22-15-30-00,63.686523,234.21094,-1.683075,-0.320555798
137,2014-02-23-08-05-00,74.896484,113.86914,-8.259766,-7.501932446
138,2014-02-23-12-05-00,44.9209,174.9375,-4.039917,1.395303742
139,2014-02-23-16-05-00,69.49805,241.21484,0.6599884,3.481876373
140,2014-02-24-08-40-00,68.2207,119.708984,3.9473877,8.36016505
141,2014-02-24-12-40-00,44.679688,187.2539,6.3499756,26.2860148
142,2014-02-24-16-40-00,75.73242,247.53906,4.9399414,5.838326823
143,2014-02-25-09-15-00,61.913086,126.296875,4.8499756,29.71472118
144,2014-02-25-13-15-00,45.96582,199.34766,11.369873,39.67356595
145,2014-02-25-17-15-00,82.27539,253.36719,9.97998,15.36687958
146,2014-02-26-09-45-00,56.853516,132.67188,2.2740479,24.78824219
147,2014-02-26-13-45-00,48.14453,209.10547,2.975891,9.315901805
148,2014-02-26-17-45-00,88.0293,258.14062,-0.3999939,-0.330076934
149,2014-02-27-10-15-00,52.26953,139.92188,-4.6899414,-1.883921128
150,2014-02-27-14-15-00,51.222656,218.04297,-1.6019592,0.535235489
151,2014-02-28-10-40-00,48.853516,146.69531,-1.2138367,12.43566856
152,2014-02-28-14-40-00,54.31543,224.86719,2.789978,14.33426332
153,2014-03-01-07-05-00,84.96484,102.9043,2.4399414,2.754271055
154,2014-03-01-11-05-00,45.95703,154.23047,9.309814,39.51334513
155,2014-03-01-15-05-00,57.842773,231.09375,15.959961,33.30418269
156,2014-03-02-08-10-00,72.02344,112.82617,2.6599731,4.323155932
157,2014-03-02-12-10-00,42.20703,176.9414,13.199951,22.50550375
158,2014-03-02-16-10-00,68.84961,244.39844,14.589844,15.81738535
159,2014-03-03-08-30-00,68.00195,116.04297,5.789917,22.19105939
160,2014-03-03-12-30-00,41.868164,184.4414,9.5354,39.15889364
161,2014-03-03-16-30-00,72.38281,248.19922,12.730957,37.10540553
162,2014-03-04-08-50-00,64.07422,119.49219,5.669922,31.7568145
163,2014-03-04-12-50-00,42.07129,191.96875,8.019775,13.56714428
164,2014-03-04-16-50-00,76.02344,251.82031,9.193115,25.84589152
165,2014-03-05-09-00-00,61.995117,121.18945,-0.13999939,30.91094283
166,2014-03-05-13-00-00,42.19336,195.79688,7.2299805,41.1543892
167,2014-03-05-17-00-00,77.7832,253.7461,11.539795,32.98963959
168,2014-03-06-09-10-00,59.941406,122.96484,5.9660645,36.46720537
169,2014-03-06-13-10-00,42.45215,199.60547,11.575439,45.12728139
170,2014-03-06-17-10-00,79.56641,255.64062,14.67627,35.82582857
171,2014-03-07-09-20-00,57.916016,124.828125,7.503296,40.33965581
172,2014-03-07-13-20-00,42.84668,203.36719,14.699951,47.50771726
173,2014-03-07-17-20-00,81.36914,257.5078,14.579834,15.89627356
174,2014-03-08-09-30-00,55.92383,126.78711,10.319824,37.92189308
175,2014-03-08-13-30-00,43.373047,207.0664,18.149902,42.43035495
176,2014-03-08-17-30-00,83.19141,259.35938,16.869629,21.4748129
177,2014-03-09-09-35-00,54.771484,127.677734,11.24292,40.67954114
178,2014-03-09-13-35-00,43.5166,209.03906,15.37085,45.5849287
179,2014-03-09-17-35-00,84.01758,260.45312,15.0998535,17.25280351
180,2014-03-10-09-40-00,53.625,128.59766,10.329834,41.90996506
181,2014-03-10-13-40-00,43.69629,211.00781,16.139648,43.97884961
182,2014-03-10-17-40-00,84.84961,261.54688,16.919922,29.66701093
183,2014-03-11-09-40-00,53.283203,128.34766,12.229736,45.89122057
184,2014-03-11-13-40-00,43.36914,211.33594,18.59961,48.04428458
185,2014-03-11-17-40-00,84.67383,261.89844,17.527344,19.50321869
186,2014-03-12-09-40-00,52.939453,128.09375,13.20166,45.21440694
187,2014-03-12-13-40-00,43.041992,211.66797,19.109863,48.3518631
188,2014-03-12-17-40-00,84.49805,262.26562,16.28955,16.72830675
189,2014-03-13-09-35-00,53.411133,126.6543,14.616455,26.34185315
190,2014-03-13-13-35-00,42.1875,210.33203,17.469727,35.52879119
191,2014-03-13-17-35-00,83.31055,261.89062,14.869873,15.43937706
192,2014-03-14-09-30-00,53.90039,125.234375,12.829834,32.1571922
193,2014-03-14-13-30-00,41.34961,208.95312,15.00293,50.31790459
194,2014-03-14-17-30-00,82.12305,261.51562,17.563477,35.11874686
195,2014-03-15-09-25-00,54.40625,123.833984,12.020752,43.50058732
196,2014-03-15-13-25-00,40.529297,207.52344,16.759766,49.20166703
197,2014-03-15-17-25-00,80.9375,261.1328,18.75,36.26529117
198,2014-03-16-09-15-00,55.79785,121.359375,12.133301,41.01395622
199,2014-03-16-13-15-00,39.29492,204.20703,19.762695,51.73471518
200,2014-03-16-17-15-00,78.74414,260.0078,20.739746,41.28906037
201,2014-03-17-09-00-00,58.140625,117.94336,11.438232,14.37157522
202,2014-03-17-13-00-00,37.817383,198.76562,13.703613,18.43020404
203,2014-03-17-17-00-00,75.55469,258.08594,15.857178,27.65522191
204,2014-03-18-08-45-00,60.57422,114.70508,10.793701,24.63182034
205,2014-03-18-12-45-00,36.61133,192.98047,16.603516,43.13505442
206,2014-03-18-16-45-00,72.38281,256.10156,12.109863,12.56882153
207,2014-03-19-08-30-00,63.08496,111.62305,9.649902,17.55744756
208,2014-03-19-12-30-00,35.703125,186.90234,13.929199,36.79440302
209,2014-03-19-16-30-00,69.234375,254.04688,9.812744,10.51173394
210,2014-03-20-08-10-00,66.63281,107.82031,7.659912,11.81657745
211,2014-03-20-12-10-00,35.125,178.42578,10.409912,21.72091308
212,2014-03-20-16-10-00,65.14258,251.03906,12.72168,42.49338934
213,2014-03-21-07-50-00,70.19531,104.15234,10.509766,33.73132545
214,2014-03-21-11-50-00,35.051758,169.83984,16.97998,49.56963568
215,2014-03-21-15-50-00,61.070312,247.92188,21.00586,49.4244016
216,2014-03-22-07-30-00,73.89844,100.71289,6.449951,23.53631502
217,2014-03-22-11-30-00,35.67383,161.36719,14.019775,50.24858347
218,2014-03-22-15-30-00,57.123047,244.45703,17.279785,22.83732608
219,2014-03-23-07-00-00,79.68555,95.916016,3.079956,15.97346629
220,2014-03-23-11-00-00,37.845703,149.46484,10.949951,42.77400615
221,2014-03-23-15-00-00,51.51367,238.4414,15.289795,50.21427192
222,2014-03-24-06-30-00,85.5293,91.2793,3.2999878,17.21235135
223,2014-03-24-10-30-00,41.070312,138.91016,14.942383,43.6547718
224,2014-03-24-14-30-00,46.248047,231.46484,19.759766,46.03730668
225,2014-03-25-10-00-00,45.11035,129.76172,10.797363,43.3627027
226,2014-03-25-14-00-00,41.464844,223.23828,20.028809,49.36301454
227,2014-03-25-18-00-00,86.3457,270,17.689941,17.92093819
228,2014-03-26-09-30-00,49.754883,121.87695,12.676025,38.01006026
229,2014-03-26-13-30-00,37.35547,213.47266,17.212402,19.97498551
230,2014-03-26-17-30-00,80.05078,266.02344,18.5,30.55700216
231,2014-03-27-08-55-00,55.7666,114.00586,9.681885,15.83993002
232,2014-03-27-12-55-00,33.80078,199.83203,13.20166,23.87082169
233,2014-03-27-16-55-00,72.771484,261.16406,15.219971,18.45982458
234,2014-03-28-08-20-00,62.1709,107.16992,10.28125,37.79763016
235,2014-03-28-12-20-00,31.937012,184.1836,14.794922,37.54472028
236,2014-03-28-16-20-00,65.583984,255.96484,16.570312,38.61641725
237,2014-03-29-07-40-00,69.83203,100.26953,8.529785,31.32964478
238,2014-03-29-11-40-00,32.29297,165.48047,15.299316,48.61437549
239,2014-03-29-15-40-00,57.594727,249.27734,19.30957,43.03932444
240,2014-03-30-06-55-00,78.69531,93.21289,10.97998,23.22220262
241,2014-03-30-10-55-00,35.69336,146.38672,18.47998,44.28854961
242,2014-03-30-14-55-00,49.0625,240.28516,21.363281,25.40059237
243,2014-03-31-06-10-00,87.62695,86.47266,4.6799316,12.30671317
244,2014-03-31-10-10-00,41.439453,130.98438,11.375977,47.27355364
245,2014-03-31-14-10-00,41.314453,228.92969,16.754883,43.69334653
246,2014-03-31-18-10-00,87.416016,273.60938,17.223633,25.03756756
247,2014-04-01-09-25-00,48.6709,118.94922,16.139648,41.13006385
248,2014-04-01-13-25-00,34.914062,214.0664,21.384277,45.25317245
249,2014-04-01-17-25-00,78.05664,267.5,21.782227,37.31432816
250,2014-04-02-08-40-00,56.776367,109.31055,13.25,40.43547109
251,2014-04-02-12-40-00,30.739258,194.91016,19.009766,42.35817934
252,2014-04-02-16-40-00,68.740234,261.10938,18.967285,34.17124474
253,2014-04-03-07-50-00,66.45117,100.47461,8.279785,30.99604588
254,2014-04-03-11-50-00,29.990234,170.28516,14.333984,48.02759601
255,2014-04-03-15-50-00,58.64746,253.0664,17.167969,48.43510146
256,2014-04-04-07-00-00,76.33984,92.60742,4.4799805,14.90584152
257,2014-04-04-11-00-00,33.341797,147.45312,13.869141,41.91043819
258,2014-04-04-15-00-00,48.95703,243.4961,18.265137,30.75826263
259,2014-04-05-06-05-00,87.31641,84.46289,12.742432,13.08923802
260,2014-04-05-10-05-00,40.59961,128.16797,17.32129,46.14600034
261,2014-04-05-14-05-00,39.331055,229.59375,23.166016,52.67811553
262,2014-04-05-18-05-00,85.63867,274.59375,21.669922,22.63019879
263,2014-04-06-09-10-00,49.936523,114.16406,17.23584,45.05628514
264,2014-04-06-13-10-00,31.807617,209.95703,22.879883,50.34913363
265,2014-04-06-17-10-00,74.24219,267.03906,23.119629,35.88317283
266,2014-04-07-08-10-00,61.308594,102.57031,14.679932,46.82806133
267,2014-04-07-12-10-00,28.134277,180.90234,20.09961,42.83330201
268,2014-04-07-16-10-00,61.92285,258.1172,22.639648,27.43109081
269,2014-04-08-07-10-00,73.203125,92.947266,13.797363,37.69387312
270,2014-04-08-11-10-00,30.80371,150.98047,20.776367,41.86726602
271,2014-04-08-15-10-00,50.030273,247.39453,24.076172,42.45819256
272,2014-04-09-06-10-00,85.208984,84.0957,4.839966,15.75871312
273,2014-04-09-10-10-00,38.469727,128.46094,12.106689,38.74968689
274,2014-04-09-14-10-00,39.158203,232.96094,16.619629,51.9005887
275,2014-04-09-18-10-00,86.02734,276.6953,17.59961,28.46239314
276,2014-04-10-09-10-00,48.751953,112.91211,10.789795,31.9478489
277,2014-04-10-13-10-00,30.570312,211.65234,18.30957,47.01937723
278,2014-04-10-17-10-00,73.625,268.48438,20.669922,45.01080828
279,2014-04-11-08-00-00,62.22754,99.73633,13.4313965,31.21051821
280,2014-04-11-12-00-00,26.699707,176.03516,19.82129,47.73716848
281,2014-04-11-16-00-00,59.265625,257.9922,21.783203,25.61205594
282,2014-04-12-06-50-00,76.24609,88.94922,11.8125,13.43451853
283,2014-04-12-10-50-00,31.645996,141.63281,18.049805,36.37137588
284,2014-04-12-14-50-00,45.524414,244.75,21.759766,30.7990766
285,2014-04-13-09-40-00,42.344727,118.884766,15.419922,22.17952681
286,2014-04-13-13-40-00,33.541016,225.05078,18.452637,28.93105665
287,2014-04-13-17-40-00,79.30078,273.8203,16.415527,25.13532937
288,2014-04-14-08-25-00,56.41797,103.01953,12.119873,43.93866588
289,2014-04-14-12-25-00,25.902832,190.53125,18.629883,46.67228883
290,2014-04-14-16-25-00,63.83496,263.1797,21.159668,22.92140747
291,2014-04-15-07-10-00,71.390625,90.98828,12.079834,33.13718037
292,2014-04-15-11-10-00,28.285156,149.6836,18.871582,40.27866229
293,2014-04-15-15-10-00,48.751953,250.3711,15.821777,17.00613892
294,2014-04-16-05-55-00,86.43359,80.134766,2.369995,12.35133202
295,2014-04-16-09-55-00,38.813477,121.85742,9.559814,38.60870172
296,2014-04-16-13-55-00,35.101562,231.63281,16.489746,50.90448264
297,2014-04-16-17-55-00,81.90039,276.9297,9.859863,10.66165296
298,2014-04-17-08-35-00,53.655273,103.859375,5.9588623,36.98223645
299,2014-04-17-12-35-00,25.375977,196.9961,10.365723,21.50736726
300,2014-04-17-16-35-00,65.41797,265.79688,10.022461,13.80184075
301,2014-04-18-07-10-00,70.66016,90.15625,5.7999268,6.905658332
302,2014-04-18-11-10-00,27.254395,149.05078,12.069824,42.654765
303,2014-04-18-15-10-00,48.2334,251.6211,16.472168,39.64690134
304,2014-04-19-05-45-00,87.703125,77.95508,6.588135,11.95287206
305,2014-04-19-09-45-00,39.74121,118.15625,13.4313965,43.38289998
306,2014-04-19-13-45-00,32.82422,229.69922,18.449707,44.59613899
307,2014-04-19-17-45-00,79.416016,276.5,17.219727,24.76807113
308,2014-04-20-08-20-00,55.92578,100.328125,13.556152,44.22169106
309,2014-04-20-12-20-00,23.691895,189.13281,21.020996,58.69324116
310,2014-04-20-16-20-00,61.91504,264.57812,20.492676,45.92293271
311,2014-04-21-06-55-00,73.0332,87.21094,12.685791,37.30053728
312,2014-04-21-10-55-00,28.03125,141.3164,20.419922,54.26517801
313,2014-04-21-14-55-00,44.825195,249.75,22.939941,45.02512016
314,2014-04-22-09-25-00,42.666016,112.271484,18.143555,51.2120621
315,2014-04-22-13-25-00,29.129883,223.57422,22.953125,50.10437542
316,2014-04-22-17-25-00,74.90234,274.67188,21.57959,24.04911095
317,2014-04-23-07-50-00,61.33008,94.64453,15.232178,46.1415563
318,2014-04-23-11-50-00,22.68164,170.80078,20.790527,49.31020001
319,2014-04-23-15-50-00,55.384766,260.85938,21.291504,43.50253771
320,2014-04-24-06-15-00,80.50391,80.884766,8.589844,8.734295365
321,2014-04-24-10-15-00,33.149414,125.083984,10.5,13.51106873
322,2014-04-24-14-15-00,36.833008,241.36328,15.239258,43.13050358
323,2014-04-24-18-15-00,84.7168,282.21875,13.067383,14.86693093
324,2014-04-25-08-40-00,50.765625,102.24609,12.419922,41.66987698
325,2014-04-25-12-40-00,23.233887,202.6211,17.5,47.63161274
326,2014-04-25-16-40-00,65.2793,269.2578,20.316895,30.25572257
327,2014-04-26-07-00-00,70.91992,86.58008,7.131836,7.56489058
328,2014-04-26-11-00-00,25.869629,142.13672,10.909912,16.87420099
329,2014-04-26-15-00-00,44.96875,252.84375,8.3498535,17.32025862
330,2014-04-27-09-20-00,42.44336,109.453125,11.66333,43.57415324
331,2014-04-27-13-20-00,27.217285,223.84375,13.539795,15.08668985
332,2014-04-27-17-20-00,73.16992,275.51562,13.689941,14.60925786
333,2014-04-28-07-40-00,62.32617,91.73242,10.48999,41.43506298
334,2014-04-28-11-50-00,21.05371,170.7539,14.3498535,50.15076053
335,2014-04-28-15-50-00,54.660156,262.6328,16.783691,38.31703123
336,2014-04-29-06-05-00,81.46094,78.27539,8.382568,27.25379434
337,2014-04-29-10-05-00,33.612305,120.16016,15.788818,46.81253944
338,2014-04-29-14-05-00,34.10742,240.78516,21.096191,54.73669252
339,2014-04-29-18-05-00,81.9707,282.2578,22.336914,38.94542104
340,2014-04-30-08-20-00,53.771484,97.30664,16.72998,47.1395941
341,2014-04-30-12-20-00,20.544922,191.51172,24.628906,53.88914622
342,2014-04-30-16-20-00,60.49707,267.9297,26.255371,51.03941874
343,2014-05-01-06-30-00,76.0332,81.197266,14.72998,28.36920841
344,2014-05-01-10-30-00,28.88086,127.71484,24.328125,60.61755457
345,2014-05-01-14-30-00,38.378906,248.2461,27.879883,51.32307085
346,2014-05-01-18-30-00,86.62891,286.26562,25.762207,25.78327012
347,2014-05-02-08-40-00,49.344727,100.06055,21.662598,47.78276538
348,2014-05-02-12-40-00,21.268066,205.1875,27.245605,48.18028217
349,2014-05-02-16-40-00,64.31641,271.4297,21.72998,24.09773816
350,2014-05-03-06-50-00,71.60547,83.416016,15.775879,41.81582481
351,2014-05-03-10-50-00,25.312012,135.14062,22.21289,49.96417285
352,2014-05-03-14-50-00,41.932617,253.5,24.906738,53.41315767
353,2014-05-04-09-00-00,44.96582,103.06055,21.268555,50.44325794
354,2014-05-04-13-00-00,22.895996,217.5,22.47998,24.43251398
355,2014-05-04-17-00-00,68.134766,274.78125,13.459961,14.5319254
356,2014-05-05-07-05-00,68.203125,84.95703,11.689941,34.1579338
357,2014-05-05-11-05-00,22.769043,141.73047,14.981689,33.65464824
358,2014-05-05-15-05-00,44.61133,257.21094,11.702393,12.05879879
359,2014-05-06-09-05-00,43.618164,103.37305,15.35083,45.72623971
360,2014-05-06-13-05-00,23.085938,220.95703,19.369629,31.95534936
361,2014-05-06-17-05-00,68.88672,276,20.07959,40.54125397
362,2014-05-07-07-05-00,67.87695,84.46289,13.189941,40.81990532
363,2014-05-07-11-05-00,22.276855,141.03125,20.139648,48.6529774
364,2014-05-07-15-05-00,44.333008,257.89844,22.935059,50.00859607
365,2014-05-08-09-05-00,43.28711,102.73047,18.339844,46.53567891
366,2014-05-08-13-05-00,22.65039,221.82422,22.949707,44.34283338
367,2014-05-08-17-05-00,68.625,276.51562,22.399902,35.66362817
368,2014-05-09-07-05-00,67.57031,83.98047,10.679932,34.90208854
369,2014-05-09-11-05-00,21.808594,140.3086,10.536133,38.96357193
370,2014-05-09-15-05-00,44.060547,258.5703,15.549805,37.15429378
371,2014-05-10-09-05-00,42.978516,102.09766,10.414795,43.82042561
372,2014-05-10-13-05-00,22.229492,222.66797,17.840332,50.37412211
373,2014-05-10-17-05-00,68.365234,277.0078,19.436523,45.04428592
374,2014-05-11-06-55-00,69.31445,82.17383,12.494629,40.75253743
375,2014-05-11-10-55-00,22.763184,134.4375,18.023438,52.24159944
376,2014-05-11-14-55-00,41.791992,257.32812,22.856934,57.94309763
377,2014-05-11-18-55-00,89.94922,292.15625,20.762207,21.03928173
378,2014-05-12-08-45-00,46.728516,97.9082,12.919922,33.82844874
379,2014-05-12-12-45-00,19.313477,211.98047,18.239746,28.83550898
380,2014-05-12-16-45-00,64.04297,274.8047,16.319824,18.63601744
381,2014-05-13-06-35-00,73.083984,79.083984,10.459961,12.43121292
382,2014-05-13-10-35-00,25.53955,124.9375,14.4123535,46.95219782
383,2014-05-13-14-35-00,37.55957,253.88281,22.019531,42.98527668
384,2014-05-13-18-35-00,85.83984,289.73438,19.855469,25.20464361
385,2014-05-14-08-25-00,50.54492,94.10156,17.606934,25.94543431
386,2014-05-14-12-25-00,17.108887,198.40625,22.419922,35.98514294
387,2014-05-14-16-25-00,59.713867,272.54688,22.996582,26.78582744
388,2014-05-15-06-15-00,76.822266,76.0293,11.389893,12.66614994
389,2014-05-15-10-15-00,28.729004,117.16406,17.279785,30.64087817
390,2014-05-15-14-15-00,33.395508,249.89453,14.579834,18.47888922
391,2014-05-15-18-15-00,81.68555,287.39844,8.209961,8.298905932
392,2014-05-16-08-05-00,54.404297,90.58594,10.159912,12.97014757
393,2014-05-16-12-05-00,15.908447,182.14062,10.542725,37.07737283
394,2014-05-16-16-05-00,55.382812,270.20312,12.837402,35.26151074
395,2014-05-17-05-50-00,81.5,72.31055,5.7614746,9.038895117
396,2014-05-17-09-50-00,33.16211,109.47461,12.980713,46.09203663
397,2014-05-17-13-50-00,28.409668,243.61719,17.25879,35.40245254
398,2014-05-17-17-50-00,76.50586,284.45312,19.85254,43.08316325
399,2014-05-18-07-30-00,61.350586,85.25391,16.70996,39.95868158
400,2014-05-18-11-30-00,17.049316,152.91797,24.009766,50.58041212
401,2014-05-18-15-30-00,47.993164,265.4375,22.879883,24.83420954
402,2014-05-19-05-10-00,88.921875,66.43359,10.259766,10.39047965
403,2014-05-19-09-10-00,40.854492,100.30469,17,45.67449629
404,2014-05-19-13-10-00,21.27295,228.69922,21.651367,50.880621
405,2014-05-19-17-10-00,68.25781,279.60938,23.189941,47.45904209
406,2014-05-20-06-50-00,69.26758,79.583984,12.671631,37.28722474
407,2014-05-20-10-50-00,21.966309,128.4336,20.671387,47.26908194
408,2014-05-20-14-50-00,39.651367,259.03125,22.589844,53.81286237
409,2014-05-20-18-50-00,87.72461,293.07812,18.899902,19.38805045
410,2014-05-21-08-30-00,48.77539,93.01172,21.955078,50.87283182
411,2014-05-21-12-30-00,15.942139,203.89453,26.739746,52.62568203
412,2014-05-21-16-30-00,59.885742,274.78125,28.1792,50.27236216
413,2014-05-22-06-10-00,77.02344,73.98242,17.348145,22.37298239
414,2014-05-22-10-10-00,28.755371,113.00586,23.969727,35.52430996
415,2014-05-22-14-10-00,31.478027,250.92188,26.206543,32.24603069
416,2014-05-22-18-10-00,79.7793,287.97656,25.47705,25.98560306
417,2014-05-23-07-50-00,56.801758,86.822266,16.299805,26.58578897
418,2014-05-23-11-50-00,14.663818,167.98828,21.721191,30.5512352
419,2014-05-23-15-50-00,51.490234,269.625,16.560059,22.8753381
420,2014-05-24-05-25-00,85.53906,67.63672,12.209961,12.70745102
421,2014-05-24-09-25-00,37.37793,101.69336,18.302734,40.59763281
422,2014-05-24-13-25-00,22.918945,237.16797,14.22168,39.12844831
423,2014-05-24-17-25-00,70.66211,282.4453,18.404785,31.13515351
424,2014-05-25-06-55-00,67.82422,79.23828,12.559814,38.75962473
425,2014-05-25-10-55-00,20.496582,128.69531,18.592285,45.58551337
426,2014-05-25-14-55-00,40.064453,261.23438,16.669434,16.95116253
427,2014-05-25-18-55-00,87.98242,294.51562,11.525879,11.62447509
428,2014-05-26-08-25-00,49.44043,91.11719,14.4470215,38.57567696
429,2014-05-26-12-25-00,14.646484,200.48438,19.53955,52.46588804
430,2014-05-26-16-25-00,58.32129,274.98438,23.82959,49.99940188
431,2014-05-27-05-55-00,79.552734,71.18359,13.859863,34.05902826
432,2014-05-27-09-55-00,31.222656,107.4043,22.22998,54.25302311
433,2014-05-27-13-55-00,27.995117,248.23438,29.490723,60.62325796
434,2014-05-27-17-55-00,76.26172,286.71094,30.589844,51.39197329
435,2014-05-28-07-25-00,61.581055,82.55859,23.078125,51.50483649
436,2014-05-28-11-25-00,15.932861,145.53516,30.069824,59.36416408
437,2014-05-28-15-25-00,45.85254,266.8125,31.706055,59.30703886
438,2014-05-29-08-55-00,43.15332,95.0957,24.618652,48.87986108
439,2014-05-29-12-55-00,17.467285,223.51562,27.49707,38.99807026
440,2014-05-29-16-55-00,64.09766,279.3125,26.757324,34.67969317
441,2014-05-30-06-25-00,73.50781,74.603516,19.973145,25.22679188
442,2014-05-30-10-25-00,25.302734,114.91797,24.739746,35.73837912
443,2014-05-30-14-25-00,33.512695,256.35156,28.89795,57.98696236
444,2014-05-30-18-25-00,81.73633,290.97656,28.65332,43.98862806
445,2014-05-31-07-50-00,56.36133,85.30859,22.97998,52.80477415
446,2014-05-31-11-50-00,13.422119,166.01172,30.59961,61.02541697
447,2014-05-31-15-50-00,50.668945,270.96094,33.44922,61.22885673
448,2014-06-01-05-15-00,86.84766,65.08594,19.869629,20.38847213
449,2014-06-01-09-15-00,38.96875,97.84766,26.462402,57.50952333
450,2014-06-01-13-15-00,20.186523,234.88672,32.0459,56.7460067
451,2014-06-01-17-15-00,67.81641,282.1875,32.617188,53.88319035
452,2014-06-02-06-40-00,70.41406,76.07422,21.44629,49.8213339
453,2014-06-02-10-40-00,22.399414,119.27539,28.799316,61.42948869
454,2014-06-02-14-40-00,36.219727,259.9297,34.40039,63.89460504
455,2014-06-02-18-40-00,84.259766,293.2578,32.487305,34.85155533
456,2014-06-03-08-05-00,53.210938,86.82617,24.169922,34.51705444
457,2014-06-03-12-05-00,12.685791,180.67969,32.583984,65.2486723
458,2014-06-03-16-05-00,53.45703,273.39062,35.65918,46.18282526
459,2014-06-04-05-30-00,83.916016,66.76758,19.189941,36.4610324
460,2014-06-04-09-30-00,35.85547,99.99805,28.55957,59.28678127
461,2014-06-04-13-30-00,22.470703,241.72656,32.902344,58.84397572
462,2014-06-04-17-30-00,70.51953,284.35156,35.20996,51.84328179
463,2014-06-05-06-55-00,67.34766,77.56641,22.30957,48.17330612
464,2014-06-05-10-55-00,19.651855,124.708984,29.922363,60.10188541
465,2014-06-05-14-55-00,38.9834,263.07812,34.26758,59.29784758
466,2014-06-05-18-55-00,86.75586,295.52344,30.745605,35.72288911
467,2014-06-06-08-20-00,50.09668,88.43164,24.689941,49.07617464
468,2014-06-06-12-20-00,12.787109,195.94531,31.363281,58.49534714
469,2014-06-06-16-20-00,56.254883,275.65625,34.469727,60.10471566
470,2014-06-07-05-45-00,81,68.43359,18.626953,26.85778998
471,2014-06-07-09-45-00,32.799805,102.43555,24.99707,47.04289935
472,2014-06-07-13-45-00,24.956543,247.3164,28.740234,35.67890445
473,2014-06-07-17-45-00,73.21094,286.4453,28.97998,43.95968938
474,2014-06-08-07-10-00,64.30664,79.0918,19.55957,41.84927714
475,2014-06-08-11-10-00,17.117188,131.63672,26.799316,50.36370139
476,2014-06-08-15-10-00,41.789062,265.875,30.869629,34.89272696
477,2014-06-08-19-10-00,89.22266,297.77344,28.589844,28.90137724
478,2014-06-09-08-30-00,48.041992,89.43359,20.089844,47.12092337
479,2014-06-09-12-30-00,13.2146,205.4961,26.07959,55.71865032
480,2014-06-09-16-30-00,58.0459,277.14844,29.739258,54.84991727
481,2014-06-10-05-50-00,80.015625,68.79883,14.212402,28.54143388
482,2014-06-10-09-50-00,31.79248,102.97656,23.433105,53.71042313
483,2014-06-10-13-50-00,25.655762,249.14062,31.132812,56.18504145
484,2014-06-10-17-50-00,73.947266,287.21875,31.540527,53.57630294
485,2014-06-11-07-05-00,65.31445,78.16992,24.544922,49.58110011
486,2014-06-11-11-05-00,17.829102,127.98242,31.369629,50.41096227
487,2014-06-11-15-05-00,40.54297,265.28125,29.899902,40.69497871
488,2014-06-11-19-05-00,88.07031,297.15625,28.32959,28.42818218
489,2014-06-12-08-20-00,50.114258,87.708984,23.706055,49.98154268
490,2014-06-12-12-20-00,12.258301,195.25781,30.131348,55.13215639
491,2014-06-12-16-20-00,55.79492,276,31.689941,52.6898512
492,2014-06-13-05-35-00,82.86133,66.578125,18.019531,27.7891255
493,2014-06-13-09-35-00,34.833008,99.484375,24.904297,54.72629899
494,2014-06-13-13-35-00,22.611328,244.46094,25.216309,28.41723755
495,2014-06-13-17-35-00,70.78516,285.42188,23.089844,32.4840298
496,2014-06-14-06-50-00,68.3457,76.07031,21.398926,46.7141429
497,2014-06-14-10-50-00,20.365723,120.18164,28.28955,54.78992888
498,2014-06-14-14-50-00,37.28711,262.85938,32.44922,47.6969685
499,2014-06-14-18-50-00,85.10156,295.1328,28.769531,36.25320631
500,2014-06-15-08-05-00,53.237305,85.44531,22.732422,51.98877734
501,2014-06-15-12-05-00,11.735596,178.09375,28.226074,37.89343013
502,2014-06-15-16-05-00,52.54297,274.1172,30.1333,38.19240468
503,2014-06-16-05-25-00,84.76758,65.041016,18.269531,28.76382313
504,2014-06-16-09-25-00,36.924805,97.32422,26.189453,49.32787484
505,2014-06-16-13-25-00,20.60205,240.67188,31.32666,50.59556356
506,2014-06-16-17-25-00,68.61914,284.21094,30.82373,45.55870639
507,2014-06-17-06-45-00,69.4082,75.26758,22.359863,43.41820026
508,2014-06-17-10-45-00,21.309082,117.66992,29.09668,59.46230525
509,2014-06-17-14-45-00,36.09375,262,27.966309,31.05427534
510,2014-06-17-18-45-00,83.99609,294.4453,26.261719,27.05885623
511,2014-06-18-08-05-00,53.328125,85.259766,22.699707,33.79501483
512,2014-06-18-12-05-00,11.655029,177.34766,26.445312,31.87086327
513,2014-06-18-16-05-00,52.373047,274.125,28.269531,36.33314339
514,2014-06-19-05-25-00,84.84766,64.89453,15.26709,21.97799746
515,2014-06-19-09-25-00,37.02539,97.109375,24.49121,52.92042314
516,2014-06-19-13-25-00,20.4458,240.54297,28.706055,59.02828531
517,2014-06-19-17-25-00,68.458984,284.1875,30.097656,53.36394086
518,2014-06-20-06-45-00,69.51172,75.14258,22.609863,48.48159726
519,2014-06-20-10-45-00,21.399414,117.31836,28.25,59.38928337
520,2014-06-20-14-45-00,35.941406,261.9453,32.51953,56.97385311
521,2014-06-20-18-45-00,83.85156,294.39062,29.95996,38.47081089
522,2014-06-21-08-05-00,53.44922,85.14453,24.179688,48.92385384
523,2014-06-21-12-05-00,11.638428,176.59766,30.873535,60.60151063
524,2014-06-21-16-05-00,52.23047,274.0625,34.70703,56.95520818
525,2014-06-22-05-20-00,85.88672,64.115234,17.197266,18.07005574
526,2014-06-22-09-20-00,38.17285,96.11719,26.32666,55.52123434
527,2014-06-22-13-20-00,19.449219,238.10938,33.333008,59.96527628
528,2014-06-22-17-20-00,67.33789,283.4922,33.765625,52.42171822
529,2014-06-23-06-35-00,71.61914,73.83008,20.679688,36.44405527
530,2014-06-23-10-35-00,23.378418,113.55078,28.007812,59.75225911
531,2014-06-23-14-35-00,33.79785,259.89062,32.509766,58.61144306
532,2014-06-23-18-35-00,81.86719,292.95312,31.129883,32.10770213
533,2014-06-24-07-50-00,56.65039,83.16211,25.109863,48.29919618
534,2014-06-24-11-50-00,12.342529,159.58594,30.899902,55.80933459
535,2014-06-24-15-50-00,49.05078,271.90625,33.177734,64.53790677
536,2014-06-25-05-05-00,88.771484,61.979492,19.889648,20.03695005
537,2014-06-25-09-05-00,41.38867,93.62109,25.119629,49.11833155
538,2014-06-25-13-05-00,16.89502,229.9961,30.589844,56.76194318
539,2014-06-25-17-05-00,64.24219,281.4922,31.779785,55.42005723
540,2014-06-26-06-20-00,74.7168,71.93359,21.429688,42.8980029
541,2014-06-26-10-20-00,26.405273,108.95703,29.195312,53.66328899
542,2014-06-26-14-20-00,30.705078,256.46875,33.524414,65.65101683
543,2014-06-26-18-20-00,78.94531,290.83594,33.0791,35.24598041
544,2014-06-27-07-35-00,59.86621,81.28516,23.889648,29.42473572
545,2014-06-27-11-40-00,13.37085,149.60547,28.519531,54.16994421
546,2014-06-27-15-40-00,46.921875,270.28906,32.26758,52.18322085
547,2014-06-28-08-55-00,43.614258,92.13086,26.75879,56.44216785
548,2014-06-28-12-55-00,15.407715,223.01953,32.109375,60.07388174
549,2014-06-28-16-55-00,62.166992,280.0547,33.914062,59.59740341
550,2014-06-29-06-10-00,76.84766,70.703125,21.939941,43.36774022
551,2014-06-29-10-10-00,28.549316,106.41797,31.132324,61.17325081
552,2014-06-29-14-10-00,28.677734,253.71875,36.56836,66.05348583
553,2014-06-29-18-10-00,76.98633,289.34375,34.90918,37.97056653
554,2014-06-30-07-25-00,62.083984,80.11328,27.819824,52.71903652
555,2014-06-30-11-25-00,15.408203,137.66797,35.29492,62.62186049
556,2014-06-30-15-25-00,43.80371,267.79688,36.759766,63.48191447
557,2014-07-01-08-40-00,46.88672,90.052734,24.899414,47.40093962
558,2014-07-01-12-50-00,14.807129,218.59766,29.569824,50.48980811
559,2014-07-01-16-50-00,61.126953,279.16406,30.25,48.77876068
560,2014-07-02-06-05-00,78.0332,70.15625,20.029785,23.01139363
561,2014-07-02-10-05-00,29.751953,105.4043,26.780273,56.31428915
562,2014-07-02-14-05-00,27.69336,251.92188,29.444824,55.51190342
563,2014-07-02-18-05-00,76.01758,288.45312,27.859863,42.86162365
564,2014-07-03-07-25-00,62.30371,80.25781,22.519531,48.67284489
565,2014-07-03-11-25-00,15.6640625,137.76953,29.028809,59.04408145
566,2014-07-03-15-25-00,43.79004,267.42188,32.535156,59.27593949
567,2014-07-04-08-45-00,46.086914,90.99219,22.069824,51.17065046
568,2014-07-04-12-45-00,14.342041,213.76562,27.34961,55.98259053
569,2014-07-04-16-45-00,60.121094,278.21875,29.455566,34.57258076
570,2014-07-05-06-05-00,78.27734,70.30469,20.8833,35.69017508
571,2014-07-05-10-05-00,29.992676,105.72266,27.23291,57.00448702
572,2014-07-05-14-05-00,27.730957,251.30078,30.95752,54.20614424
573,2014-07-05-18-05-00,76.05664,288.15625,28.25,29.33814427
574,2014-07-06-07-25-00,62.543945,80.4668,21.516113,48.37593944
575,2014-07-06-11-25-00,15.96167,138.02734,28.108398,58.94431861
576,2014-07-06-15-25-00,43.816406,266.97656,28.844727,30.49740783
577,2014-07-07-08-45-00,46.328125,91.28516,25.799805,53.29550694
578,2014-07-07-12-55-00,15.77002,220.27734,30.406738,60.785877
579,2014-07-07-16-55-00,62.19043,279.1172,32.43457,55.77587007
580,2014-07-08-06-20-00,75.63672,72.44336,23.433105,45.59526311
581,2014-07-08-10-20-00,27.33789,110.041016,29.029785,50.66038204
582,2014-07-08-14-20-00,30.742188,254.39062,31.409668,55.38128668
583,2014-07-08-18-20-00,79.04492,289.75,28.1875,28.79851317
584,2014-07-09-07-45-00,58.75,83.29492,24.757324,51.44143273
585,2014-07-09-11-45-00,14.0078125,153.89844,28.453613,57.48596247
586,2014-07-09-15-45-00,47.972656,269.47656,29.909668,45.70883394
587,2014-07-10-05-10-00,89.08594,63.226562,19.339844,19.68127402
588,2014-07-10-09-10-00,41.481445,95.583984,25.05957,55.45584527
589,2014-07-10-13-10-00,18.143555,228.58203,30.49707,56.03423319
590,2014-07-10-17-10-00,65.30469,280.60156,27.691406,28.36616653
591,2014-07-11-06-35-00,72.97461,74.63086,21.808594,24.86010416
592,2014-07-11-10-35-00,24.802246,115.18359,29.019531,56.17177902
593,2014-07-11-14-35-00,33.831055,257.03125,33.429688,54.70386924
594,2014-07-11-18-35-00,82.05664,291.34375,28.299805,28.36789558
595,2014-07-12-08-05-00,54.945312,86.28906,23.333984,52.31658001
596,2014-07-12-12-05-00,13.246582,173.0625,30.561035,58.55778501
597,2014-07-12-16-05-00,52.17383,271.78906,32.569336,58.36227338
598,2014-07-13-05-35-00,84.765625,66.98047,20.82959,22.79484788
599,2014-07-13-09-35-00,36.69629,100.572266,27.339844,35.51967538
600,2014-07-13-13-35-00,22.520996,239.27344,20.689941,24.36165077
601,2014-07-13-17-35-00,70.44922,283.3203,24.629883,27.26934956
602,2014-07-14-07-05-00,67.296875,78.7832,21.374512,45.45671344
603,2014-07-14-11-10-00,19.121094,130.60156,27.652832,58.43150043
604,2014-07-14-15-10-00,41.033203,262.9922,31.391113,54.10085153
605,2014-07-14-19-10-00,88.81836,295.7422,23.921387,23.9621419
606,2014-07-15-08-40-00,48.069336,91.68555,16.57959,20.87919657
607,2014-07-15-12-40-00,14.924805,205.96875,22.529785,48.69566252
608,2014-07-15-16-40-00,59.47168,275.96094,25.779785,43.62935749
609,2014-07-16-06-10-00,78.384766,71.99219,17.745117,18.30456161
610,2014-07-16-10-10-00,30.08252,109.05078,22.552734,51.40844565
611,2014-07-16-14-10-00,29.229004,249.70703,29.000488,59.2844644
612,2014-07-16-18-10-00,77.55078,287.34375,18.206543,18.206543
613,2014-07-17-07-40-00,60.520508,83.7207,21.865723,44.26551588
614,2014-07-17-11-40-00,15.649414,150.89453,24.739746,52.37344205
615,2014-07-17-15-40-00,47.333008,267.1797,30.487793,58.52617556
616,2014-07-18-05-10-00,89.99414,64.06641,18.549805,18.72253335
617,2014-07-18-09-10-00,42.249023,97.052734,23.211426,51.70559909
618,2014-07-18-13-10-00,18.964355,225.60938,31.11914,57.44784453
619,2014-07-18-17-10-00,65.759766,279.3047,33.759766,55.24567853
620,2014-07-19-06-40-00,72.80859,76.302734,23.126953,43.80368449
621,2014-07-19-10-40-00,24.830566,119.03125,27.789062,54.49521031
622,2014-07-19-14-40-00,35.342773,255.9961,33.51758,50.59974593
623,2014-07-19-18-40-00,83.609375,290.84375,30.656738,32.13839519
624,2014-07-20-08-20-00,52.660156,89.708984,26.878418,54.32571779
625,2014-07-20-12-20-00,14.588867,186.94531,32.910156,58.85643797
626,2014-07-20-16-20-00,55.743164,272.3125,33.936523,37.54882587
627,2014-07-21-06-00-00,80.89453,71.38867,23.389648,26.77255062
628,2014-07-21-10-00-00,32.591797,107.9082,28.466309,55.74016284
629,2014-07-21-14-00-00,27.810547,245.1914,33.896484,62.89947901
630,2014-07-21-18-00-00,76.01953,285.21094,32.91992,34.21111721
631,2014-07-22-07-40-00,61.04004,84.609375,27.94629,40.83216419
632,2014-07-22-11-40-00,16.52832,152.08203,33.59668,62.01174881
633,2014-07-22-15-40-00,47.7334,266.01562,32.751953,55.3057607
634,2014-07-23-05-20-00,88.76953,66.2168,21.05957,21.40461299
635,2014-07-23-09-20-00,40.76172,100.04492,27.739746,55.56260548
636,2014-07-23-13-20-00,21.173828,228.91016,30.669922,64.0469327
637,2014-07-23-17-20-00,68.22461,279.65625,31.787598,52.4428906
638,2014-07-24-07-00-00,69.36328,79.75195,24.404297,48.18658629
639,2014-07-24-11-00-00,22.15332,128.89453,30.13086,58.23001965
640,2014-07-24-15-00-00,39.822266,258.60156,32.838867,55.81862889
641,2014-07-24-19-00-00,87.96484,292.7578,30.124023,31.76726195
642,2014-07-25-08-40-00,49.103516,93.80664,27.915527,55.07713785
643,2014-07-25-12-40-00,16.652832,203.01172,32.898438,61.95760833
644,2014-07-25-16-40-00,60.308594,273.96875,34.91992,60.28512566
645,2014-07-26-06-20-00,77.58008,74.9082,24.53955,40.30080096
646,2014-07-26-10-20-00,29.416992,114.89258,32.05957,63.570015
647,2014-07-26-14-20-00,32.194336,249.09766,37.439453,61.56186444
648,2014-07-26-18-20-00,80.515625,286.9297,35.37793,40.72200911
649,2014-07-27-08-05-00,56.48047,89.115234,27.112793,39.11355684
650,2014-07-27-12-05-00,16.0542,173.41797,34.55078,60.21151158
651,2014-07-27-16-05-00,53.373047,268.57812,28.572754,40.47247
652,2014-07-28-05-55-00,82.73047,71.953125,21.779785,22.68007503
653,2014-07-28-09-55-00,34.429688,108.927734,25.336426,50.81998667
654,2014-07-28-13-55-00,27.838867,241.0664,29.251465,51.98398208
655,2014-07-28-17-55-00,75.83203,283.23438,26.239746,32.28151138
656,2014-07-29-07-45-00,60.79492,86.80664,20.188965,25.17734343
657,2014-07-29-11-45-00,17.533691,157.76172,25.030762,31.93237809
658,2014-07-29-15-45-00,49.533203,265.01562,19.80664,20.11276179
659,2014-07-30-05-35-00,86.85547,69.59961,17.409668,17.9171617
660,2014-07-30-09-35-00,38.597656,105.109375,26.75,55.97387136
661,2014-07-30-13-35-00,24.742676,232.92578,30.619629,58.84572286
662,2014-07-30-17-35-00,72.09375,280.1875,30.859863,34.13040889
663,2014-07-31-07-25-00,65.072266,84.51172,21.252441,35.96128855
664,2014-07-31-11-25-00,19.884766,144.875,26.19629,58.06510966
665,2014-07-31-15-25-00,45.708008,261.21875,28.846191,38.70231443
666,2014-08-01-09-15-00,42.79297,101.708984,25.189941,52.42926602
667,2014-08-01-13-15-00,22.04541,223.07031,30.239746,56.21023686
668,2014-08-01-17-15-00,68.30078,277.15625,29.899902,33.16522
669,2014-08-02-07-05-00,69.37305,82.31641,20,23.47576876
670,2014-08-02-11-05-00,22.930664,134.84375,27.242188,56.26614684
671,2014-08-02-15-05-00,41.98535,256.95312,26.989746,33.26792994
672,2014-08-03-09-05-00,45.04785,100.51367,22.656738,50.77272846
673,2014-08-03-13-05-00,21.176758,216.98438,29.89209,57.74860714
674,2014-08-03-17-05-00,66.56445,275.35938,30.3125,51.41690538
675,2014-08-04-07-05-00,69.61328,82.81445,22.17334,46.87303052
676,2014-08-04-11-05-00,23.324707,135.73047,29.629883,58.84011936
677,2014-08-04-15-05-00,42.308594,256.32812,34.2334,59.63038195
678,2014-08-05-09-05-00,45.29785,101.17969,27.309082,56.11847747
679,2014-08-05-13-05-00,21.65918,216.34375,34.40918,59.96139383
680,2014-08-05-17-05-00,66.884766,274.89062,34.989258,55.83952092
681,2014-08-06-07-05-00,69.85742,83.33203,24.13623,40.73591474
682,2014-08-06-11-05-00,23.73291,136.63672,31.646484,49.32197867
683,2014-08-06-15-05-00,42.654297,255.70312,36.569336,64.54590386
684,2014-08-07-09-05-00,45.554688,101.86914,27.549805,54.87000673
685,2014-08-07-13-05-00,22.16455,215.72266,31.019531,57.80712284
686,2014-08-07-17-05-00,67.22266,274.40625,31.869629,33.64828984
687,2014-08-08-07-10-00,69.08789,84.54883,20.869629,44.11819275
688,2014-08-08-11-10-00,23.481934,140.02344,26.549805,43.69174066
689,2014-08-08-15-10-00,44.012695,256.0547,28.519531,34.36218817
690,2014-08-09-09-20-00,42.839844,105.5,24.55957,54.37784321
691,2014-08-09-13-20-00,24.626465,222.73438,30.45996,61.073571
692,2014-08-09-17-20-00,70.63867,275.96875,32.25,49.79885799
693,2014-08-10-07-30-00,65.25391,87.88281,23.47998,27.69095515
694,2014-08-10-11-30-00,21.666016,151.94922,28.719727,39.12173885
695,2014-08-10-15-30-00,48.393555,259.15625,24.299805,44.55796834
696,2014-08-11-05-40-00,87.515625,73.052734,18.609863,19.01965584
697,2014-08-11-09-40-00,39.23828,110.62305,25.519531,50.63013824
698,2014-08-11-13-40-00,28.118164,230.58594,31.369629,61.91358203
699,2014-08-11-17-40-00,75.08203,278.20312,29.59961,43.85352995
700,2014-08-12-07-50-00,61.413086,91.35547,26.119629,52.33309009
701,2014-08-12-11-50-00,20.719238,165.38672,30.879883,60.43063401
702,2014-08-12-15-50-00,52.825195,261.98438,32.779297,54.46814064
703,2014-08-13-06-05-00,82.853516,77.078125,18.75586,30.871003
704,2014-08-13-10-05-00,34.893555,117.865234,29.799805,60.59355419
705,2014-08-13-14-05-00,32.789062,238.51953,33.779297,61.71464338
706,2014-08-13-18-05-00,80.53125,281.1328,33.049805,48.02774633
707,2014-08-14-08-20-00,55.546875,96.59375,27.257324,51.31419722
708,2014-08-14-12-20-00,20.884277,186.24219,33.439453,63.10576374
709,2014-08-14-16-20-00,59.34082,266.14844,34.939453,59.97168519
710,2014-08-15-06-35-00,77.0918,81.76758,23.23584,42.74308529
711,2014-08-15-10-35-00,30.123047,128.39062,28.655273,58.34505262
712,2014-08-15-14-35-00,38.71289,246.10156,36.19922,64.62418075
713,2014-08-15-18-35-00,86.947266,284.82812,27.549805,27.55986318
714,2014-08-16-08-55-00,48.80078,103.416016,23.75,51.94252934
715,2014-08-16-12-55-00,23.733398,207.85547,31.339844,62.52044212
716,2014-08-16-16-55-00,66.97461,270.67188,33.01172,56.5418141
717,2014-08-17-07-20-00,68.2168,88.703125,22.376953,47.15233542
718,2014-08-17-11-20-00,24.561035,149.42578,29.279785,56.68068264
719,2014-08-17-15-20-00,47.93164,255.09375,26.78955,28.31431915
720,2014-08-18-05-45-00,87.56641,75.78516,18.419922,18.98682673
721,2014-08-18-09-45-00,39.447266,114.927734,27.05957,57.60267691
722,2014-08-18-13-45-00,30.845215,230.00781,31.036621,63.51511973
723,2014-08-18-17-45-00,77.62695,277.1328,30.501465,45.41529838
724,2014-08-19-08-10-00,58.270508,96.83984,23.047852,49.71433568
725,2014-08-19-12-10-00,22.45166,180.17578,29.298828,61.52931055
726,2014-08-19-16-10-00,58.44336,263.1328,28.617188,30.68825081
727,2014-08-20-06-35-00,77.791016,83.365234,18.859863,19.67424952
728,2014-08-20-10-40-00,30.468262,132.8164,24.529785,51.99133937
729,2014-08-20-14-40-00,40.950195,245.57812,29.536133,58.2535875
730,2014-08-20-18-40-00,89.15625,284.32812,26.972656,29.42572692
731,2014-08-21-09-10-00,46.586914,108.33984,24.680664,53.65883785
732,2014-08-21-13-10-00,26.92041,214.49219,30.078125,63.55864472
733,2014-08-21-17-10-00,71.171875,271.5,29.619629,50.31482603
734,2014-08-22-07-45-00,63.762695,94.03711,16.625,18.10579095
735,2014-08-22-11-45-00,24.068848,165.46094,17.674316,27.71826412
736,2014-08-22-15-45-00,54.10547,258.125,22.804688,40.73637129
737,2014-08-23-06-20-00,81.24414,82.23242,15.25,32.14495423
738,2014-08-23-10-20-00,34.256836,127.25,21.409668,48.98440486
739,2014-08-23-14-20-00,38.128906,239.4414,24.878906,30.00834247
740,2014-08-23-18-20-00,85.89453,280.77344,26.441406,36.52291407
741,2014-08-24-08-55-00,49.975586,106.59961,22.683594,50.50628004
742,2014-08-24-12-55-00,26.361328,206.48828,28.03955,56.69780589
743,2014-08-24-16-55-00,68.82031,268.5547,29.93457,54.2547316
744,2014-08-25-07-35-00,66.208984,93.5957,23.384277,49.00671242
745,2014-08-25-11-35-00,25.608398,160.83594,29.75,60.69401466
746,2014-08-25-15-35-00,52.871094,255.44922,31.10498,57.64926815
747,2014-08-26-06-15-00,82.67383,82.50781,19.889648,31.20666688
748,2014-08-26-10-15-00,35.710938,127.10742,24.03955,58.8109946
749,2014-08-26-14-15-00,38.131836,237.07812,25.379883,35.45906575
750,2014-08-26-18-15-00,85.64453,279.33594,21.59375,22.20763289
751,2014-08-27-08-55-00,50.44336,107.83984,25.685547,57.29489774
752,2014-08-27-12-55-00,27.407715,206.0664,23.353516,29.49431247
753,2014-08-27-16-55-00,69.57422,267.75,26.356445,50.74002759
754,2014-08-28-07-40-00,65.60156,95.43359,19.549805,46.80239651
755,2014-08-28-11-40-00,26.27246,164.625,24.949707,33.46788177
756,2014-08-28-15-40-00,54.658203,255.46094,27.759766,55.45468572
757,2014-08-29-06-30-00,80.03906,85.625,18.131348,35.36506032
758,2014-08-29-10-30-00,34.054688,133.58203,23.723145,52.04567968
759,2014-08-29-14-30-00,41.658203,240.21094,28.958496,56.01071106
760,2014-08-29-18-30-00,89.46094,280.72656,26.532715,29.39314351
761,2014-08-30-09-20-00,46.177734,114.37305,23.609863,52.74738317
762,2014-08-30-13-20-00,31.152832,216.91016,30.03955,60.53123857
763,2014-08-30-17-20-00,75.47461,270.5625,30.57959,47.90559245
764,2014-08-31-08-10-00,59.961914,101.34961,24.019531,47.53790567
765,2014-08-31-12-10-00,26.61377,181.98047,30.442871,58.0601712
766,2014-08-31-16-10-00,61.47461,259.71875,32.59961,51.86551458
767,2014-09-01-07-05-00,73.30078,91.677734,21.439941,43.92964428
768,2014-09-01-11-05-00,30.36914,148.9336,28.625977,58.10402941
769,2014-09-01-15-05-00,48.992188,247.44922,32.128906,62.5027453
770,2014-09-02-06-00-00,86.708984,82.75195,16.589844,25.46708311
771,2014-09-02-10-00-00,39.691406,125.95117,27.759766,57.79428068
772,2014-09-02-14-00-00,37.867188,230.52344,33.0791,63.27245464
773,2014-09-02-18-00-00,84.46484,275.45312,31.559082,44.34617841
774,2014-09-03-08-55-00,51.59668,110.80078,24.563965,50.36962933
775,2014-09-03-12-55-00,29.953613,205.22656,31.589844,60.58346823
776,2014-09-03-16-55-00,71.43945,265.85938,32.887695,57.12870678
777,2014-09-04-07-55-00,63.569336,100.4375,24.011719,44.89897699
778,2014-09-04-11-55-00,28.15625,174.67188,29.759766,59.24302344
779,2014-09-04-15-55-00,59.59375,256.0625,28.440918,31.03286486
780,2014-09-05-07-00-00,74.884766,92.39844,18.47998,20.63999639
781,2014-09-05-11-00-00,32.08789,148.55469,24.404785,53.08354981
782,2014-09-05-15-00-00,49.26367,245.1875,29.05957,46.46309804
783,2014-09-06-06-05-00,86.26758,84.86719,17.399902,26.58054811
784,2014-09-06-10-05-00,39.786133,129.32422,19.63086,42.77394402
785,2014-09-06-14-05-00,40.010742,230.94531,24.685547,45.08028053
786,2014-09-06-18-05-00,86.60156,275.1328,20.279785,25.55554533
787,2014-09-07-09-10-00,49.495117,115.697266,19.688477,48.39108208
788,2014-09-07-13-10-00,32.91211,211.28516,24.759766,55.36468126
789,2014-09-07-17-10-00,75.62891,266.9922,26.786133,47.98364633
790,2014-09-08-08-15-00,60.20117,105.390625,19.899414,26.29912249
791,2014-09-08-12-15-00,29.671387,185.66016,25.760742,43.61337617
792,2014-09-08-16-15-00,64.75195,258.28125,27.399902,49.31483622
793,2014-09-09-07-25-00,70.37109,97.62891,19.595703,21.49891389
794,2014-09-09-11-25-00,31.209473,161.29297,26.07959,54.17988298
795,2014-09-09-15-25-00,55.222656,249.15625,29.779785,54.93352692
796,2014-09-10-06-35-00,80.71289,90.60156,18.80957,25.8913861
797,2014-09-10-10-35-00,36.48633,141.07031,24.342773,52.77490205
798,2014-09-10-14-35-00,46.367188,237.96094,26.529785,37.90012545
799,2014-09-11-09-50-00,43.408203,127.46094,19.881836,24.69581596
800,2014-09-11-13-50-00,39.57129,225,25.074219,57.25532868
801,2014-09-11-17-50-00,85.03906,271.625,25.353516,34.99364708
802,2014-09-12-09-20-00,48.722656,120.28906,17.887207,21.57202385
803,2014-09-12-13-20-00,36.006836,214.39062,18.28125,22.0889369
804,2014-09-12-17-25-00,80.21094,267.77344,20.519531,21.04744722
805,2014-09-13-08-45-00,55.3125,113.16211,16.769531,21.07566972
806,2014-09-13-12-45-00,33.101562,199.98047,19.669922,29.50243127
807,2014-09-13-16-45-00,72.34766,261.5703,20.969727,41.83632484
808,2014-09-14-08-05-00,63.191406,106.16797,15.539795,18.28065193
809,2014-09-14-12-05-00,31.941406,181.625,19.739746,30.08975576
810,2014-09-14-16-05-00,64.62891,254.89453,22.219727,24.14329607
811,2014-09-15-07-30-00,70.3125,100.80078,15.5998535,40.66784551
812,2014-09-15-11-30-00,33.109375,165.6289,22.399902,51.12047428
813,2014-09-15-15-30-00,58.13672,248.35938,24.70996,55.473116
814,2014-09-16-06-55-00,77.546875,95.83984,15.0998535,19.33463948
815,2014-09-16-10-55-00,36.085938,151.26562,22.37207,52.57629771
816,2014-09-16-15-05-00,53.791016,243.07422,24.682129,51.42614558
817,2014-09-17-06-30-00,82.796875,92.54883,17.169922,19.13854911
818,2014-09-17-10-30-00,39.18457,142.51562,22.947754,53.49095429
819,2014-09-17-14-30-00,47.9834,234.77344,26.069824,55.22907879
820,2014-09-18-06-00-00,89.08008,88.5957,18.759766,19.0411019
821,2014-09-18-10-00-00,43.56836,133.44531,23.47998,51.24680975
822,2014-09-18-14-05-00,44.336914,227.86328,27.378418,32.19102341
823,2014-09-19-09-40-00,46.90918,128.34375,21.91504,50.73851313
824,2014-09-19-13-40-00,41.145508,220.07031,27.489746,60.09631305
825,2014-09-19-17-40-00,85.3418,268.0703,26.76709,38.26382128
826,2014-09-20-09-15-00,51.302734,122.603516,21.346191,49.52087104
827,2014-09-20-13-15-00,38.533203,211.33203,25.996582,56.99661684
828,2014-09-20-17-15-00,80.5293,264.17188,23.4292,24.38569336
829,2014-09-21-08-50-00,55.939453,117.53516,19,45.92122241
830,2014-09-21-12-50-00,36.63379,201.6875,24.362305,50.93832017
831,2014-09-21-16-50-00,75.75586,260.17188,25.33252,43.6479396
832,2014-09-22-08-30-00,59.82129,113.94922,19.55957,44.29316361
833,2014-09-22-12-30-00,35.79004,193.46484,25,48.97270089
834,2014-09-22-16-30-00,72.04492,256.79688,24.638184,25.87867697
835,2014-09-23-08-10-00,63.79297,110.63867,13.381592,42.09856829
836,2014-09-23-12-10-00,35.523438,185.01953,20.969727,44.8709408
837,2014-09-23-16-10-00,68.39453,253.27734,22.049805,42.78943439
838,2014-09-24-07-55-00,66.865234,108.40039,13.618408,44.01781694
839,2014-09-24-11-55-00,35.811523,178.71875,20.8833,49.48902012
840,2014-09-24-15-55-00,65.78711,250.45312,23.507812,53.91901834
841,2014-09-25-07-40-00,69.96875,106.265625,17.55957,46.44212306
842,2014-09-25-11-40-00,36.424805,172.55078,24.01709,50.39689746
843,2014-09-25-15-40-00,63.23535,247.50781,27.351562,48.10527877
844,2014-09-26-07-30-00,72.109375,105.01758,19.119629,44.28190415
845,2014-09-26-11-30-00,37.13086,168.64062,24.716309,48.43409423
846,2014-09-26-15-30-00,61.67871,245.3789,26.90918,49.93033179
847,2014-09-27-07-20-00,74.259766,103.80078,17.889648,21.37803806
848,2014-09-27-11-20-00,37.963867,164.86719,20.32959,29.52158078
849,2014-09-27-15-20-00,60.157227,243.1875,14.22998,16.04395778
850,2014-09-28-07-10-00,76.41992,102.61328,8.525635,32.50695839
851,2014-09-28-11-10-00,38.916016,161.24219,16.444336,48.15050376
852,2014-09-28-15-10-00,58.67578,240.92578,19.746582,48.86404222
853,2014-09-29-07-05-00,77.58594,102.21289,9.679932,34.75600402
854,2014-09-29-11-05-00,39.6084,159.64062,19.109863,50.73535197
855,2014-09-29-15-05-00,58.118164,239.64062,24.05371,53.77702806
856,2014-09-30-07-00-00,78.75195,101.81836,13.213623,37.66550467
857,2014-09-30-11-00-00,40.323242,158.08203,21.503906,51.51295075
858,2014-09-30-15-00-00,57.573242,238.33984,26.339844,57.1401661
859,2014-10-01-07-00-00,78.91992,102.18359,13.299805,36.63824336
860,2014-10-01-11-00-00,40.668945,158.3789,23.679688,55.98388263
861,2014-10-01-15-00-00,57.90625,238.08594,27.313477,57.30423735
862,2014-10-02-07-00-00,79.08789,102.54883,13.625244,37.95358406
863,2014-10-02-11-00-00,41.01367,158.67188,22.050293,56.75606344
864,2014-10-02-15-00-00,58.239258,237.83594,25.106934,54.0906194
865,2014-10-03-07-05-00,78.26172,103.67578,14.385742,37.02916815
866,2014-10-03-11-05-00,41.00879,160.77734,20.641113,50.77964138
867,2014-10-03-15-05-00,59.441406,238.6289,23.84082,50.06471897
868,2014-10-04-07-10-00,77.44336,104.81055,10.3359375,27.77073947
869,2014-10-04-11-10-00,41.04492,162.875,15.909912,41.67159028
870,2014-10-04-15-10-00,60.646484,239.39844,16.969727,38.95001594
871,2014-10-05-07-15-00,76.63281,105.953125,5.5513916,28.85388366
872,2014-10-05-11-15-00,41.120117,164.96484,12.084961,40.85134763
873,2014-10-05-15-15-00,61.85547,240.14844,16.043457,36.33248583
874,2014-10-06-07-25-00,74.85742,107.90039,8.07251,33.69764436
875,2014-10-06-11-25-00,41.023438,168.90625,15.7265625,47.94989059
876,2014-10-06-15-25-00,63.96582,241.83594,19.179688,49.64181056
877,2014-10-07-07-40-00,72.146484,110.71484,11.374512,35.99682301
878,2014-10-07-11-40-00,40.961914,174.73828,19.429688,46.5915937
879,2014-10-07-15-40-00,67.01758,244.36719,23.125,47.69723905
880,2014-10-08-07-55-00,69.5,113.63281,14.884766,31.55497364
881,2014-10-08-11-55-00,41.21875,180.53516,20.555664,50.8282311
882,2014-10-08-15-55-00,70.12109,246.75781,24.402832,43.89495449
883,2014-10-09-08-10-00,66.92578,116.666016,16.269531,43.6333591
884,2014-10-09-12-10-00,41.78711,186.23047,21.439941,48.6914748
885,2014-10-09-16-10-00,73.26367,249.03125,23.169922,42.72776722
886,2014-10-10-08-40-00,61.817383,122.79883,18.319824,36.77221782
887,2014-10-10-12-40-00,43.42383,197.08984,11.269775,11.86543111
888,2014-10-10-16-40-00,79.37109,253.5586,14.369873,28.37190748
889,2014-10-11-09-00-00,58.706055,127.36719,9.357666,38.93196208
890,2014-10-11-13-00-00,45.240234,203.82422,15.508545,46.90465108
891,2014-10-11-17-00-00,83.60547,256.3203,15.269775,27.80922609
892,2014-10-12-09-20-00,55.816406,132.26953,12.07373,44.08944251
893,2014-10-12-13-20-00,47.472656,210.0586,18.03955,47.56556013
894,2014-10-12-17-20-00,87.87891,258.98438,19.489746,26.61977761
895,2014-10-13-09-40-00,53.1875,137.53906,18.179688,49.60863526
896,2014-10-13-13-40-00,50.063477,215.79297,24.34961,49.30138087
897,2014-10-14-10-10-00,49.68164,146.01172,15.716553,37.46166178
898,2014-10-14-14-10-00,54.34082,223.58203,19.049805,43.66037651
899,2014-10-15-06-40-00,85.31445,104.06445,7.23999,19.56522743
900,2014-10-15-10-40-00,46.995117,155.36719,14.326172,36.55441152
901,2014-10-15-14-40-00,59.16797,230.41797,17.699219,38.06798877
902,2014-10-16-07-10-00,79.61328,108.94141,5.6799316,6.926652031
903,2014-10-16-11-10-00,45.279297,165.46094,12.543945,41.23749438
904,2014-10-16-15-10-00,64.416016,236.45703,15.662598,40.76876503
905,2014-10-17-07-40-00,74.09961,114.109375,6.8481445,34.22859191
906,2014-10-17-11-40-00,44.651367,175.98828,13.8498535,45.17580376
907,2014-10-17-15-40-00,69.984375,241.84375,16.535156,45.64759607
908,2014-10-18-08-15-00,67.953125,120.59961,11.262939,39.21664874
909,2014-10-18-12-15-00,45.291992,188.2539,15.55542,44.37215085
910,2014-10-18-16-15-00,76.74219,247.53516,15.765869,35.31473725
911,2014-10-19-08-50-00,62.265625,127.82031,8.799316,41.32317713
912,2014-10-19-12-50-00,47.40918,199.88281,14.689697,46.726484
913,2014-10-19-16-50-00,83.74219,252.72266,16.763672,32.7856622
914,2014-10-20-09-30-00,56.48828,137.15234,12.549805,42.72129336
915,2014-10-20-13-30-00,51.348633,211.84375,18.72461,47.23228912
916,2014-10-21-10-10-00,51.793945,147.88281,12.687744,37.97623572
917,2014-10-21-14-10-00,56.621094,222.17188,16.515625,45.12662345
918,2014-10-22-06-55-00,83.63867,108.521484,5.73999,23.74781156
919,2014-10-22-10-55-00,48.17871,161.58203,14.860107,46.2456631
920,2014-10-22-14-55-00,63.68457,232.03125,20.09668,49.31003484
921,2014-10-23-07-40-00,75.31836,115.953125,8.839844,35.51013077
922,2014-10-23-11-40-00,46.773438,176.4961,17.586914,46.22547964
923,2014-10-23-15-40-00,71.62305,240.3711,20.999512,49.6930366
924,2014-10-24-08-25-00,67.57617,124.2793,13.621826,43.34690526
925,2014-10-24-12-25-00,47.779297,191.49219,20.478516,52.00606312
926,2014-10-24-16-25-00,80.16016,247.60547,21.987793,35.53824562
927,2014-10-25-09-15-00,59.942383,134.98438,12.399902,15.11985518
928,2014-10-25-13-15-00,51.504883,206.83594,16.112793,28.42862886
929,2014-10-26-10-10-00,53.286133,149.01562,13.7717285,42.20301722
930,2014-10-26-14-10-00,58.145508,221.17969,18.108887,50.07907071
931,2014-10-27-07-05-00,82.66797,111.49609,7.7199707,23.49114089
932,2014-10-27-11-05-00,49.23828,165.46875,15.969971,46.83392923
933,2014-10-27-15-05-00,66.68359,232.89844,19.248047,44.29403864
934,2014-10-28-08-00-00,72.77734,120.7832,13.049805,19.63834635
935,2014-10-28-12-00-00,48.47461,183.27734,17.78955,26.83321024
936,2014-10-28-16-00-00,76.46289,242.58203,19.339844,23.67909394
937,2014-10-29-08-55-00,63.93164,131.61719,14,45.51230475
938,2014-10-29-12-55-00,51.148438,200.48047,18.09961,32.54710598
939,2014-10-29-16-55-00,87.03125,250.89062,18.45996,26.48638967
940,2014-10-30-09-50-00,56.67383,144.5625,10.927734,18.36572917
941,2014-10-30-13-50-00,56.76953,215.50781,16.649902,21.06739402
942,2014-10-31-06-55-00,85.34375,111.05664,2.908142,3.883583395
943,2014-10-31-10-55-00,51.061523,162.85156,10.118408,33.95201988
944,2014-10-31-14-55-00,66.10547,230.0039,12.40332,33.36800414
945,2014-11-01-08-00-00,73.64844,121.796875,6.713501,31.52564254
946,2014-11-01-12-00-00,49.77539,183.25,13.296875,41.3459805
947,2014-11-01-16-00-00,77.35742,241.61328,14.75,34.65473254
948,2014-11-02-09-05-00,63.43457,134.65625,10.556885,41.66572518
949,2014-11-02-13-05-00,53.13672,202.92188,14.501465,41.2204559
950,2014-11-02-17-05-00,89.759766,251.33594,15.449951,15.49576907
951,2014-11-03-10-10-00,55.603516,150.46875,14.569824,44.42013277
952,2014-11-03-14-10-00,60.364258,219.60938,18.07959,44.74880092
953,2014-11-04-07-15-00,82.365234,115.0957,7.339966,25.29443924
954,2014-11-04-11-15-00,51.307617,169.25781,14.322998,46.93427066
955,2014-11-04-15-15-00,70.25,233.0039,17.871582,42.75482983
956,2014-11-05-08-30-00,69.521484,128.1875,6.959961,14.81409937
957,2014-11-05-12-30-00,51.845703,192.32812,10.372803,36.92699463
958,2014-11-05-16-30-00,83.65039,245.42188,8.5998535,22.17571264
959,2014-11-06-09-45-00,59.166992,144.58203,5.079956,32.43981821
960,2014-11-06-13-45-00,58.101562,213.00781,10.97998,36.10845649
961,2014-11-07-07-00-00,85.75,113.48828,0.27999878,16.76141408
962,2014-11-07-11-00-00,52.875977,164.94922,9.929932,41.29433288
963,2014-11-07-15-00-00,68.5,229.46484,13.778809,43.00904997
964,2014-11-08-08-15-00,72.64258,126.00195,8.7092285,38.27193867
965,2014-11-08-12-15-00,52.177734,187.59766,13.279785,41.78551889
966,2014-11-08-16-15-00,81.42383,242.38281,15.47998,37.28650227
967,2014-11-09-09-30-00,61.782227,141.5,12.179932,45.22808066
968,2014-11-09-13-30-00,57.28125,208.6836,17.939941,49.23555683
969,2014-11-10-06-50-00,88.20703,112.64844,3.169983,3.50473371
970,2014-11-10-10-50-00,54.2959,162.2461,14.209961,48.43997965
971,2014-11-10-14-50-00,67.58984,226.84375,18.489746,35.49821065
972,2014-11-11-08-15-00,73.29883,126.55859,9.505371,35.26102112
973,2014-11-11-12-15-00,53.00293,187.39062,17.19873,49.89457529
974,2014-11-11-16-15-00,81.91406,241.69531,19.25,41.30373444
975,2014-11-12-09-40-00,61.2959,144.23047,4.425293,16.90723655
976,2014-11-12-13-40-00,59.007812,210.72266,11.208252,32.86683037
977,2014-11-13-07-05-00,85.978516,115.45117,0.94999695,12.94144843
978,2014-11-13-11-05-00,54.28418,166.64844,9.00293,41.37781373
979,2014-11-13-15-05-00,70.43555,229.15625,11.589844,27.039223
980,2014-11-14-08-30-00,71.541016,129.80078,6.529907,10.63206829
981,2014-11-14-12-30-00,54.28125,191.50781,12.621094,40.60428249
982,2014-11-14-16-30-00,85.072266,243.33594,14.019775,28.32669784
983,2014-11-15-09-55-00,60.32617,148.1289,9.099365,19.86796016
984,2014-11-15-13-55-00,61.288086,213.83984,15.279785,22.65506326
985,2014-11-16-07-25-00,82.92383,119.021484,7.5699463,8.217624578
986,2014-11-16-11-25-00,54.31543,172.41797,10.359863,15.94763924
987,2014-11-16-15-25-00,74.08984,232.22656,14.73999,39.1633401
988,2014-11-17-08-55-00,68.42578,135.0586,9.865723,35.22019348
989,2014-11-17-12-55-00,56.29492,198.17188,13.510742,39.52463307
990,2014-11-18-10-25-00,58.16992,155.86719,7.6328125,15.48924633
991,2014-11-18-14-25-00,65.53125,220.05078,12.843262,41.23911267
992,2014-11-19-08-00-00,77.453125,125.146484,6.315796,29.33319191
993,2014-11-19-12-00-00,54.71582,182.40625,12.481201,43.55453761
994,2014-11-19-16-00-00,80.3457,237.5664,15.601807,35.64213472
995,2014-11-20-09-35-00,63.770508,143.86328,9.159912,10.51240828
996,2014-11-20-13-35-00,60.124023,208.14062,6.7540283,7.955879142
997,2014-11-21-07-15-00,85.66992,118.20703,7.2999268,7.83278535
998,2014-11-21-11-15-00,55.81836,169.44531,10.5998535,15.42632719
999,2014-11-21-15-15-00,73.17383,229.40234,12.369873,13.73893801
1000,2014-11-22-08-55-00,69.48828,135.5625,-1.6299744,0.60235069
1001,2014-11-22-12-55-00,57.304688,197.49219,-1.539978,-0.207984826
1002,2014-11-23-10-35-00,58.51172,158.57812,0.4440689,3.324642169
1003,2014-11-23-14-35-00,67.5957,221.21484,-0.5099945,-0.117162962
1004,2014-11-24-08-15-00,75.97461,128.27734,-4.8499756,-3.984674038
1005,2014-11-24-12-15-00,55.992188,186.21484,-1.5499878,11.05700982
1006,2014-11-24-16-15-00,83.43555,238.9414,-0.5499878,-0.090835523
1007,2014-11-25-09-55-00,62.56543,148.70312,-0.7736206,3.840044254
1008,2014-11-25-13-55-00,62.964844,212.08203,7.0999756,35.10387087
1009,2014-11-26-07-40-00,82.177734,122.61719,-0.9831543,16.78923134
1010,2014-11-26-11-40-00,56.216797,176.1836,5.82312,36.12656336
1011,2014-11-26-15-40-00,77.6582,232.86328,7.442505,29.94335783
1012,2014-11-27-09-25-00,66.44922,142.03906,2.8981323,32.05605327
1013,2014-11-27-13-25-00,60.320312,204.51953,6.717407,14.64608369
1014,2014-11-28-07-10-00,87.82031,118.203125,-0.6440735,-0.252054166
1015,2014-11-28-11-10-00,57.444336,167.76172,5.369995,35.65433162
1016,2014-11-28-15-10-00,73.10742,227.16016,8.219971,35.60309105
1017,2014-11-29-08-55-00,70.84766,135.98438,5.119995,31.3019429
1018,2014-11-29-12-55-00,58.439453,196.5039,10.223389,39.92390822
1019,2014-11-30-10-40-00,59.521484,159.73828,8.468262,36.05275019
1020,2014-11-30-14-40-00,68.98828,220.98047,11.719971,32.55460033
1021,2014-12-01-08-25-00,75.66992,130.48047,2.75,13.355927
1022,2014-12-01-12-25-00,57.399414,188.16016,8.923584,35.94804576
1023,2014-12-01-16-25-00,85.56641,239.1914,6.699951,8.197010957
1024,2014-12-02-10-15-00,61.89746,153.4414,3.694275,32.95497251
1025,2014-12-02-14-15-00,65.978516,215.38672,10.555908,38.82255352
1026,2014-12-03-08-05-00,79.19336,127.10742,5.4799805,24.53426921
1027,2014-12-03-12-05-00,57.291016,182.4336,14.929932,38.89510589
1028,2014-12-03-16-05-00,82.16797,235.75,16.739746,36.62337869
1029,2014-12-04-09-55-00,64.203125,148.6914,11.049805,18.44386713
1030,2014-12-04-13-55-00,63.896484,210.58594,14.47998,17.29449848
1031,2014-12-05-07-45-00,82.83984,123.91406,0.497406,0.673137393
1032,2014-12-05-11-45-00,57.578125,176.72266,-3.0671387,0.934344375
1033,2014-12-05-15-45-00,78.90039,232.15625,-3.3399658,-2.122024238
1034,2014-12-06-09-35-00,66.771484,144.20703,-3.6299438,24.04759132
1035,2014-12-06-13-35-00,62.10742,205.5625,-1.3425903,31.03184071
1036,2014-12-07-07-25-00,86.59375,120.88086,-4.732544,-4.505506559
1037,2014-12-07-11-25-00,58.25879,171.09375,-2.4699707,0.297258543
1038,2014-12-07-15-25-00,75.7832,228.39062,-0.16999817,1.08466297
1039,2014-12-08-09-20-00,68.92383,141.0039,-2.9299927,1.530370976
1040,2014-12-08-13-20-00,61.006836,201.58594,1.5,6.693909771
1041,2014-12-09-07-15-00,88.64844,119.427734,-2.6899414,-2.615638291
1042,2014-12-09-11-15-00,58.854492,168.22656,-0.8638153,26.35912425
1043,2014-12-09-15-15-00,74.29297,226.28906,-2.5266113,16.85686688
1044,2014-12-10-09-10-00,70.51172,138.92188,-8.347168,20.84735719
1045,2014-12-10-13-10-00,60.411133,198.78125,0.19999695,27.66455597
1046,2014-12-11-11-05-00,59.529297,165.40234,-1.1999817,30.85452586
1047,2014-12-11-15-05-00,72.83789,224.14844,5.6799316,30.61290083
1048,2014-12-12-09-00-00,72.134766,136.89062,-2.8899536,2.932981662
1049,2014-12-12-13-00-00,59.8916,195.9414,3.7454224,31.84474214
1050,2014-12-13-10-55-00,60.280273,162.625,1.3199768,4.645857691
1051,2014-12-13-14-55-00,71.41797,221.96484,8.029785,32.656051
1052,2014-12-14-08-55-00,73.072266,135.83984,1.038147,24.32395668
1053,2014-12-14-12-55-00,59.692383,194.3711,5.289917,36.7892054
1054,2014-12-15-10-55-00,60.444336,162.41797,5.6099854,31.54386099
1055,2014-12-15-14-55-00,71.37305,221.71094,8.335449,32.26524125
1056,2014-12-16-08-55-00,73.2832,135.72266,2.7799683,30.57067037
1057,2014-12-16-12-55-00,59.7334,194.09766,10.564209,37.9280565
1058,2014-12-17-10-55-00,60.5791,162.19531,9.494385,39.12319521
1059,2014-12-17-14-55-00,71.30078,221.47266,13.439941,39.9009757
1060,2014-12-18-08-55-00,73.47266,135.57812,0.15999985,11.7118722
1061,2014-12-18-12-55-00,59.745117,193.82812,9.759766,34.20825558
1062,2014-12-19-10-55-00,60.685547,161.96094,8.442627,34.73640178
1063,2014-12-19-14-55-00,71.203125,221.2539,12.514648,41.18544857
1064,2014-12-20-08-55-00,73.640625,135.41797,3.6799927,7.888658044
1065,2014-12-20-12-55-00,59.725586,193.5625,10.751465,41.61438427
1066,2014-12-21-10-55-00,60.76367,161.71484,3.5158691,24.78641159
1067,2014-12-21-14-55-00,71.08008,221.05078,4.3199463,4.985616194
1068,2014-12-22-08-55-00,73.7832,135.23047,-0.2599945,3.737152736
1069,2014-12-22-12-55-00,59.676758,193.30469,3.3428345,35.98599287
1070,2014-12-23-10-55-00,60.8125,161.45703,2.8451538,32.77655938
1071,2014-12-23-14-55-00,70.93164,220.86719,6.341797,34.09512995
1072,2014-12-24-08-55-00,73.90234,135.02734,1.4099731,30.16128798
1073,2014-12-24-12-55-00,59.598633,193.05469,7.0163574,37.95412447
1074,2014-12-24-16-55-00,89.93555,240.92969,7.1325684,9.86565223
1075,2014-12-25-10-55-00,60.83203,161.19531,3.9788208,37.94916145
1076,2014-12-25-14-55-00,70.75781,220.70312,7.692749,35.47067261
1077,2014-12-26-08-55-00,73.99805,134.80469,0.059135437,29.33292761
1078,2014-12-26-12-55-00,59.489258,192.8125,6.2785645,40.69462111
1079,2014-12-26-16-55-00,89.71484,240.83984,7.0499268,11.01031905
1080,2014-12-27-10-55-00,60.82129,160.91797,3.3129883,37.1767416
1081,2014-12-27-14-55-00,70.56055,220.5586,9.133301,39.73363983
1082,2014-12-28-08-55-00,74.06836,134.5625,-0.25,28.89352667
1083,2014-12-28-12-55-00,59.351562,192.57812,6.6398926,37.31144832
1084,2014-12-28-16-55-00,89.478516,240.77734,6.669922,6.820886968
1085,2014-12-29-10-55-00,60.782227,160.63672,4.659912,26.82548098
1086,2014-12-29-14-55-00,70.33984,220.4336,5.9577637,27.88492569
1087,2014-12-30-08-55-00,74.115234,134.30078,0.56999207,29.34725649
1088,2014-12-30-12-55-00,59.183594,192.35156,7.7199707,38.11797673
1089,2014-12-30-16-55-00,89.22461,240.73438,7.437378,13.80375382
1090,2014-12-31-10-50-00,61.06836,159.09375,5.483032,34.07245011
1091,2014-12-31-14-50-00,69.43945,219.32031,8.839355,37.72100284
